Business,City,Product/Service,Startup_Cost_PKR,Cost_per_Unit,Price_per_Unit,Marketing_Channel,Failure_Risk
Shawarma Stand,Karachi,Shawarma Stand,35395,36,48,Flyers,0.49
Handmade Jewelry,Multan,Handmade Jewelry,39957,77,138,Local Advertising,0.43
Veggie Juice Stand,Faisalabad,Veggie Juice Stand,7905,94,166,Word of Mouth,0.43
Stationery Kiosk,Faisalabad,Stationery Kiosk,18594,74,114,Word of Mouth,0.25
Mobile Repair Shop,Lahore,Mobile Repair Shop,17733,86,137,Word of Mouth,0.76
Fitness Trainer,Faisalabad,Fitness Trainer,44577,50,107,Flyers,0.28
Juice Bar,Lahore,Juice Bar,41956,75,169,Social Media,0.44
Mobile Accessories,Lahore,Mobile Accessories,43074,94,107,Word of Mouth,0.41
Handmade Jewelry,Faisalabad,Handmade Jewelry,28770,79,157,Local Advertising,0.18
Ice Cream Cart,Islamabad,Ice Cream Cart,49873,88,169,Flyers,0.36
Handmade Jewelry,Lahore,Handmade Jewelry,5449,65,116,Local Advertising,0.21
Ice Cream Cart,Karachi,Ice Cream Cart,24182,100,126,Flyers,0.79
Fitness Trainer,Faisalabad,Fitness Trainer,42772,14,109,Flyers,0.45
Juice Bar,Multan,Juice Bar,24358,46,137,Word of Mouth,0.71
Coffee Cart,Karachi,Coffee Cart,12443,18,96,Flyers,0.16
Local Snacks Delivery,Karachi,Local Snacks Delivery,15361,57,103,Flyers,0.64
Repair Electronics,Peshawar,Repair Electronics,8968,63,100,Flyers,0.54
Pakora Stall,Lahore,Pakora Stall,31197,15,51,Social Media,0.74
Chai Stall,Karachi,Chai Stall,15785,77,171,Word of Mouth,0.22
Online Tutoring,Multan,Online Tutoring,35794,100,119,Flyers,0.61
Dahi Bhallay Stall,Lahore,Dahi Bhallay Stall,5702,85,117,Flyers,0.35
Ice Cream Cart,Multan,Ice Cream Cart,28519,54,76,Word of Mouth,0.65
Flower Stall,Peshawar,Flower Stall,21698,5,64,Word of Mouth,0.63
Candle Stall,Islamabad,Candle Stall,34611,29,80,Social Media,0.72
Stationery Kiosk,Islamabad,Stationery Kiosk,17592,64,157,Social Media,0.32
Juice Bar,Multan,Juice Bar,47724,15,70,Word of Mouth,0.16
Dahi Bhallay Stall,Faisalabad,Dahi Bhallay Stall,10686,96,191,Word of Mouth,0.14
Veggie Juice Stand,Peshawar,Veggie Juice Stand,16882,65,90,Word of Mouth,0.55
Samosa Stall,Islamabad,Samosa Stall,44155,68,86,Word of Mouth,0.52
Flower Stall,Faisalabad,Flower Stall,5993,52,80,Word of Mouth,0.43
Chai Stall,Karachi,Chai Stall,9586,43,116,Local Advertising,0.58
Mobile Accessories,Multan,Mobile Accessories,47575,51,79,Word of Mouth,0.33
Coffee Cart,Karachi,Coffee Cart,32824,87,149,Local Advertising,0.56
Fresh Milk Seller,Multan,Fresh Milk Seller,32956,28,119,Local Advertising,0.42
Samosa Stall,Faisalabad,Samosa Stall,9204,54,97,Local Advertising,0.64
Small Tuition Center,Lahore,Small Tuition Center,39194,67,117,Word of Mouth,0.54
Bakery Stall,Faisalabad,Bakery Stall,11670,69,148,Flyers,0.48
Chai Stall,Multan,Chai Stall,45919,19,86,Flyers,0.61
Veggie Juice Stand,Karachi,Veggie Juice Stand,44733,7,86,Social Media,0.17
Mobile Repair Shop,Islamabad,Mobile Repair Shop,42967,11,85,Local Advertising,0.13
Small Tuition Center,Islamabad,Small Tuition Center,6948,11,79,Word of Mouth,0.75
Online Tutoring,Islamabad,Online Tutoring,17021,54,129,Flyers,0.4
Street Photography,Islamabad,Street Photography,7143,20,57,Flyers,0.22
Chai Stall,Peshawar,Chai Stall,19170,5,61,Word of Mouth,0.4
Stationery Shop,Peshawar,Stationery Shop,36213,81,98,Word of Mouth,0.77
Street Clothing Vendor,Multan,Street Clothing Vendor,24643,21,46,Local Advertising,0.24
Fruit Stall,Peshawar,Fruit Stall,15530,39,79,Word of Mouth,0.28
Flower Stall,Faisalabad,Flower Stall,19060,41,70,Word of Mouth,0.17
Dahi Bhallay Stall,Lahore,Dahi Bhallay Stall,11495,53,75,Local Advertising,0.64
Handmade Jewelry,Faisalabad,Handmade Jewelry,30167,63,129,Social Media,0.25
Bakery Stall,Multan,Bakery Stall,35871,10,55,Local Advertising,0.3
Coffee Cart,Islamabad,Coffee Cart,12748,83,130,Flyers,0.68
Fresh Milk Seller,Multan,Fresh Milk Seller,39316,49,138,Flyers,0.47
Chai Stall,Karachi,Chai Stall,46320,92,144,Local Advertising,0.5
Fitness Trainer,Faisalabad,Fitness Trainer,27681,86,147,Flyers,0.28
Chai Stall,Lahore,Chai Stall,41105,51,94,Word of Mouth,0.21
Shawarma Stand,Islamabad,Shawarma Stand,30130,43,130,Social Media,0.25
Fruit Smoothie Stall,Faisalabad,Fruit Smoothie Stall,35289,76,104,Word of Mouth,0.1
Online Tutoring,Lahore,Online Tutoring,24265,45,94,Social Media,0.34
Samosa Stall,Faisalabad,Samosa Stall,44830,52,67,Social Media,0.36
Bakery Stall,Lahore,Bakery Stall,36401,14,109,Word of Mouth,0.71
Chai Stall,Faisalabad,Chai Stall,25221,71,88,Local Advertising,0.39
Fitness Trainer,Karachi,Fitness Trainer,19667,98,110,Local Advertising,0.5
Fruit Smoothie Stall,Faisalabad,Fruit Smoothie Stall,33499,72,152,Social Media,0.43
Fitness Trainer,Multan,Fitness Trainer,15281,72,125,Social Media,0.31
Ice Cream Cart,Faisalabad,Ice Cream Cart,29473,18,66,Social Media,0.24
Stationery Shop,Islamabad,Stationery Shop,39110,60,118,Social Media,0.77
Fruit Stall,Peshawar,Fruit Stall,23543,39,56,Social Media,0.77
Stationery Kiosk,Peshawar,Stationery Kiosk,26252,86,180,Social Media,0.59
Mini Grocery,Multan,Mini Grocery,10383,66,91,Word of Mouth,0.58
Online Tutoring,Multan,Online Tutoring,6250,54,146,Word of Mouth,0.19
Fruit Smoothie Stall,Faisalabad,Fruit Smoothie Stall,10623,7,41,Word of Mouth,0.13
Online Tutoring,Lahore,Online Tutoring,21685,81,111,Local Advertising,0.4
Pakora Stall,Islamabad,Pakora Stall,15176,19,97,Local Advertising,0.77
Local Snacks Delivery,Islamabad,Local Snacks Delivery,41969,31,42,Social Media,0.64
Ice Cream Cart,Multan,Ice Cream Cart,38957,53,93,Flyers,0.7
Tea & Snacks Stall,Karachi,Tea & Snacks Stall,17710,22,34,Flyers,0.63
Small Tuition Center,Faisalabad,Small Tuition Center,26245,85,142,Flyers,0.69
Mini Grocery,Faisalabad,Mini Grocery,15340,45,75,Word of Mouth,0.49
Coffee Cart,Karachi,Coffee Cart,43094,58,110,Flyers,0.73
Ice Cream Cart,Lahore,Ice Cream Cart,46667,70,168,Flyers,0.42
Mobile Repair Shop,Faisalabad,Mobile Repair Shop,13228,35,120,Social Media,0.13
Local Snacks Delivery,Peshawar,Local Snacks Delivery,20388,74,146,Local Advertising,0.74
Candle Stall,Multan,Candle Stall,29226,37,87,Flyers,0.52
Dahi Bhallay Stall,Islamabad,Dahi Bhallay Stall,21694,8,66,Local Advertising,0.73
Street Clothing Vendor,Lahore,Street Clothing Vendor,17393,82,157,Word of Mouth,0.29
Fresh Milk Seller,Peshawar,Fresh Milk Seller,13997,19,82,Social Media,0.73
Street Photography,Karachi,Street Photography,49911,98,127,Local Advertising,0.58
Veggie Juice Stand,Karachi,Veggie Juice Stand,10340,36,104,Local Advertising,0.58
Street Photography,Lahore,Street Photography,45280,55,130,Word of Mouth,0.49
Laundry Shop,Peshawar,Laundry Shop,9064,56,111,Local Advertising,0.78
Samosa Stall,Peshawar,Samosa Stall,15906,57,133,Local Advertising,0.1
Fruit Smoothie Stall,Karachi,Fruit Smoothie Stall,45816,96,169,Social Media,0.4
Flower Stall,Faisalabad,Flower Stall,21348,91,157,Word of Mouth,0.58
Stationery Kiosk,Islamabad,Stationery Kiosk,35620,82,93,Word of Mouth,0.56
Mobile Repair Shop,Lahore,Mobile Repair Shop,46023,78,166,Local Advertising,0.67
Fruit Stall,Faisalabad,Fruit Stall,34066,89,130,Flyers,0.43
Handmade Jewelry,Islamabad,Handmade Jewelry,40660,6,32,Local Advertising,0.53
Fruit Stall,Islamabad,Fruit Stall,48806,56,103,Social Media,0.5
Mobile Accessories,Peshawar,Mobile Accessories,14387,69,92,Flyers,0.69
Veggie Juice Stand,Lahore,Veggie Juice Stand,46663,29,107,Flyers,0.77
Ice Cream Cart,Islamabad,Ice Cream Cart,19634,39,134,Flyers,0.48
Ice Cream Cart,Faisalabad,Ice Cream Cart,30784,25,85,Word of Mouth,0.6
Pakora Stall,Peshawar,Pakora Stall,10687,37,131,Local Advertising,0.4
Fresh Milk Seller,Multan,Fresh Milk Seller,29186,53,130,Flyers,0.77
Mobile Accessories,Peshawar,Mobile Accessories,39584,7,86,Word of Mouth,0.33
Candle Stall,Multan,Candle Stall,36426,14,54,Flyers,0.45
Small Tuition Center,Faisalabad,Small Tuition Center,47862,97,149,Local Advertising,0.52
Coffee Cart,Islamabad,Coffee Cart,33686,57,97,Social Media,0.37
Online Tutoring,Multan,Online Tutoring,25292,71,89,Social Media,0.67
Fresh Milk Seller,Islamabad,Fresh Milk Seller,11588,90,166,Social Media,0.15
Chai Stall,Karachi,Chai Stall,25215,72,143,Local Advertising,0.33
Street Photography,Peshawar,Street Photography,31802,93,135,Flyers,0.16
Candle Stall,Lahore,Candle Stall,32930,24,115,Word of Mouth,0.43
Mobile Accessories,Islamabad,Mobile Accessories,32571,15,90,Word of Mouth,0.48
Online Tutoring,Islamabad,Online Tutoring,14646,31,42,Flyers,0.67
Coffee Cart,Karachi,Coffee Cart,40203,57,101,Local Advertising,0.77
Coffee Cart,Multan,Coffee Cart,5141,58,123,Local Advertising,0.32
Samosa Stall,Faisalabad,Samosa Stall,15875,33,72,Local Advertising,0.18
Tea & Snacks Stall,Lahore,Tea & Snacks Stall,36887,21,37,Word of Mouth,0.23
Repair Electronics,Islamabad,Repair Electronics,24214,35,134,Social Media,0.73
Mini Grocery,Multan,Mini Grocery,25478,69,90,Local Advertising,0.22
Fresh Milk Seller,Islamabad,Fresh Milk Seller,12561,95,149,Word of Mouth,0.2
Pakora Stall,Peshawar,Pakora Stall,25951,83,152,Social Media,0.31
Small Tuition Center,Faisalabad,Small Tuition Center,48880,96,171,Local Advertising,0.43
Chai Stall,Lahore,Chai Stall,31436,52,86,Word of Mouth,0.67
Samosa Stall,Islamabad,Samosa Stall,17838,44,71,Local Advertising,0.74
Candle Stall,Islamabad,Candle Stall,40181,97,110,Word of Mouth,0.48
Repair Electronics,Lahore,Repair Electronics,33958,46,146,Social Media,0.34
Chai Stall,Peshawar,Chai Stall,11179,93,115,Flyers,0.44
Laundry Shop,Karachi,Laundry Shop,9434,55,147,Word of Mouth,0.28
Stationery Shop,Faisalabad,Stationery Shop,6849,7,82,Social Media,0.7
Juice Bar,Faisalabad,Juice Bar,8044,35,72,Social Media,0.64
Fruit Smoothie Stall,Karachi,Fruit Smoothie Stall,36777,54,65,Word of Mouth,0.34
Samosa Stall,Karachi,Samosa Stall,45179,18,107,Word of Mouth,0.68
Stationery Kiosk,Lahore,Stationery Kiosk,36255,82,104,Social Media,0.25
Fresh Milk Seller,Islamabad,Fresh Milk Seller,48360,24,56,Flyers,0.29
Pakora Stall,Multan,Pakora Stall,26538,39,68,Local Advertising,0.22
Samosa Stall,Lahore,Samosa Stall,32547,78,91,Social Media,0.44
Fresh Milk Seller,Lahore,Fresh Milk Seller,21336,55,112,Flyers,0.19
Mobile Accessories,Lahore,Mobile Accessories,21864,17,61,Local Advertising,0.65
Repair Electronics,Karachi,Repair Electronics,45987,43,107,Word of Mouth,0.25
Local Snacks Delivery,Multan,Local Snacks Delivery,18733,25,68,Flyers,0.4
Ice Cream Cart,Multan,Ice Cream Cart,14922,96,106,Social Media,0.33
Chai Stall,Lahore,Chai Stall,8329,44,69,Word of Mouth,0.19
Candle Stall,Peshawar,Candle Stall,37383,34,80,Flyers,0.21
Pakora Stall,Faisalabad,Pakora Stall,39731,61,111,Flyers,0.19
Shawarma Stand,Lahore,Shawarma Stand,17883,88,143,Word of Mouth,0.27
Juice Bar,Lahore,Juice Bar,34098,41,130,Social Media,0.11
Stationery Shop,Islamabad,Stationery Shop,33817,91,119,Local Advertising,0.67
Street Clothing Vendor,Peshawar,Street Clothing Vendor,40970,44,70,Word of Mouth,0.65
Candle Stall,Peshawar,Candle Stall,26382,96,125,Social Media,0.18
Stationery Kiosk,Faisalabad,Stationery Kiosk,16335,55,96,Word of Mouth,0.24
Pakora Stall,Karachi,Pakora Stall,49993,33,69,Flyers,0.38
Laundry Shop,Faisalabad,Laundry Shop,12798,28,88,Social Media,0.56
Repair Electronics,Peshawar,Repair Electronics,5779,44,91,Flyers,0.52
Bakery Stall,Islamabad,Bakery Stall,30697,10,20,Flyers,0.71
Ice Cream Cart,Lahore,Ice Cream Cart,32763,15,70,Social Media,0.8
Online Tutoring,Multan,Online Tutoring,27641,6,74,Local Advertising,0.17
Small Tuition Center,Karachi,Small Tuition Center,31507,94,147,Flyers,0.64
Pakora Stall,Islamabad,Pakora Stall,6279,64,151,Flyers,0.51
Fitness Trainer,Lahore,Fitness Trainer,11777,71,96,Social Media,0.61
Candle Stall,Peshawar,Candle Stall,29742,36,69,Flyers,0.52
Fruit Smoothie Stall,Multan,Fruit Smoothie Stall,17931,72,144,Social Media,0.12
Flower Stall,Lahore,Flower Stall,24626,88,135,Social Media,0.11
Juice Bar,Faisalabad,Juice Bar,42278,67,89,Local Advertising,0.6
Veggie Juice Stand,Peshawar,Veggie Juice Stand,37131,43,114,Social Media,0.49
Chai Stall,Islamabad,Chai Stall,42892,56,122,Social Media,0.68
Bakery Stall,Lahore,Bakery Stall,20283,52,104,Flyers,0.4
Juice Bar,Multan,Juice Bar,28498,79,133,Social Media,0.39
Street Photography,Lahore,Street Photography,17920,13,49,Flyers,0.18
Fruit Stall,Islamabad,Fruit Stall,19288,23,34,Social Media,0.77
Mini Grocery,Peshawar,Mini Grocery,32194,35,78,Word of Mouth,0.72
Laundry Shop,Lahore,Laundry Shop,28864,55,113,Social Media,0.25
Local Snacks Delivery,Karachi,Local Snacks Delivery,34438,43,63,Flyers,0.26
Candle Stall,Multan,Candle Stall,49878,16,90,Flyers,0.13
Shawarma Stand,Karachi,Shawarma Stand,20290,98,163,Social Media,0.52
Handmade Jewelry,Faisalabad,Handmade Jewelry,29857,68,163,Word of Mouth,0.79
Local Snacks Delivery,Karachi,Local Snacks Delivery,47892,40,76,Flyers,0.54
Veggie Juice Stand,Lahore,Veggie Juice Stand,30677,23,69,Word of Mouth,0.12
Fresh Milk Seller,Multan,Fresh Milk Seller,13413,92,181,Word of Mouth,0.16
Fruit Stall,Lahore,Fruit Stall,18185,58,158,Flyers,0.66
Fruit Smoothie Stall,Lahore,Fruit Smoothie Stall,27017,12,29,Word of Mouth,0.5
Laundry Shop,Faisalabad,Laundry Shop,33521,54,121,Flyers,0.48
Dahi Bhallay Stall,Multan,Dahi Bhallay Stall,16965,100,168,Social Media,0.57
Shawarma Stand,Lahore,Shawarma Stand,9940,65,78,Word of Mouth,0.16
Fitness Trainer,Multan,Fitness Trainer,32997,85,159,Social Media,0.25
Pakora Stall,Lahore,Pakora Stall,8351,45,97,Flyers,0.52
Mini Grocery,Islamabad,Mini Grocery,40231,15,39,Word of Mouth,0.51
Fruit Smoothie Stall,Lahore,Fruit Smoothie Stall,20949,78,107,Word of Mouth,0.55
Dahi Bhallay Stall,Multan,Dahi Bhallay Stall,48216,91,184,Word of Mouth,0.64
Handmade Jewelry,Karachi,Handmade Jewelry,15288,82,99,Social Media,0.35
Repair Electronics,Multan,Repair Electronics,29998,94,148,Flyers,0.8
Fresh Milk Seller,Multan,Fresh Milk Seller,48940,12,93,Social Media,0.43
Local Snacks Delivery,Multan,Local Snacks Delivery,44089,83,103,Social Media,0.24
Small Tuition Center,Peshawar,Small Tuition Center,42009,89,109,Local Advertising,0.17
Tea & Snacks Stall,Karachi,Tea & Snacks Stall,20487,40,115,Social Media,0.18
Street Photography,Karachi,Street Photography,46787,72,114,Social Media,0.8
Pakora Stall,Lahore,Pakora Stall,10007,33,95,Word of Mouth,0.7
Mobile Accessories,Multan,Mobile Accessories,47558,94,192,Word of Mouth,0.5
Mobile Accessories,Islamabad,Mobile Accessories,21503,46,121,Social Media,0.22
Flower Stall,Peshawar,Flower Stall,22023,24,48,Social Media,0.59
Repair Electronics,Multan,Repair Electronics,15150,15,100,Word of Mouth,0.43
Ice Cream Cart,Peshawar,Ice Cream Cart,32039,31,113,Word of Mouth,0.19
Fresh Milk Seller,Peshawar,Fresh Milk Seller,30372,57,77,Social Media,0.36
Coffee Cart,Islamabad,Coffee Cart,8757,86,162,Social Media,0.73
Chai Stall,Lahore,Chai Stall,30459,99,124,Local Advertising,0.39
Handmade Jewelry,Peshawar,Handmade Jewelry,48889,94,190,Social Media,0.63
Fruit Stall,Peshawar,Fruit Stall,10082,75,171,Word of Mouth,0.15
Shawarma Stand,Islamabad,Shawarma Stand,36515,23,52,Flyers,0.44
Street Photography,Lahore,Street Photography,41741,84,127,Local Advertising,0.33
Veggie Juice Stand,Islamabad,Veggie Juice Stand,19537,59,92,Word of Mouth,0.25
Dahi Bhallay Stall,Faisalabad,Dahi Bhallay Stall,18317,11,41,Word of Mouth,0.38
Stationery Shop,Multan,Stationery Shop,25600,59,106,Word of Mouth,0.52
Flower Stall,Faisalabad,Flower Stall,32915,41,76,Social Media,0.69
Candle Stall,Faisalabad,Candle Stall,16112,27,60,Social Media,0.39
Online Tutoring,Faisalabad,Online Tutoring,47593,17,97,Local Advertising,0.52
Mobile Accessories,Peshawar,Mobile Accessories,11627,44,139,Local Advertising,0.58
Juice Bar,Multan,Juice Bar,47981,59,130,Word of Mouth,0.57
Stationery Kiosk,Peshawar,Stationery Kiosk,19843,6,34,Word of Mouth,0.8
Online Tutoring,Karachi,Online Tutoring,25710,60,153,Social Media,0.52
Fresh Milk Seller,Lahore,Fresh Milk Seller,20701,55,94,Social Media,0.73
Flower Stall,Lahore,Flower Stall,27556,98,127,Social Media,0.46
Bakery Stall,Peshawar,Bakery Stall,20247,24,60,Flyers,0.53
Candle Stall,Karachi,Candle Stall,24095,68,139,Local Advertising,0.22
Tea & Snacks Stall,Islamabad,Tea & Snacks Stall,6697,53,88,Word of Mouth,0.61
Handmade Jewelry,Peshawar,Handmade Jewelry,32635,52,152,Local Advertising,0.62
Bakery Stall,Multan,Bakery Stall,43225,79,90,Flyers,0.37
Chai Stall,Multan,Chai Stall,37796,87,169,Social Media,0.46
Juice Bar,Islamabad,Juice Bar,13395,47,57,Local Advertising,0.38
Veggie Juice Stand,Multan,Veggie Juice Stand,16682,63,108,Local Advertising,0.74
Samosa Stall,Multan,Samosa Stall,7470,32,127,Flyers,0.53
Stationery Shop,Lahore,Stationery Shop,28416,61,159,Social Media,0.43
Small Tuition Center,Faisalabad,Small Tuition Center,19370,12,91,Local Advertising,0.34
Laundry Shop,Faisalabad,Laundry Shop,38989,77,152,Social Media,0.79
Samosa Stall,Peshawar,Samosa Stall,8275,47,62,Word of Mouth,0.4
Fruit Smoothie Stall,Faisalabad,Fruit Smoothie Stall,17288,40,93,Local Advertising,0.29
Pakora Stall,Lahore,Pakora Stall,40402,99,172,Word of Mouth,0.46
Stationery Shop,Multan,Stationery Shop,10718,63,83,Flyers,0.38
Flower Stall,Lahore,Flower Stall,19781,84,124,Flyers,0.61
Tea & Snacks Stall,Multan,Tea & Snacks Stall,12056,36,92,Local Advertising,0.54
Stationery Kiosk,Multan,Stationery Kiosk,8851,87,150,Social Media,0.77
Laundry Shop,Faisalabad,Laundry Shop,17001,87,114,Social Media,0.71
Handmade Jewelry,Faisalabad,Handmade Jewelry,34452,90,122,Social Media,0.75
Street Clothing Vendor,Peshawar,Street Clothing Vendor,31690,29,100,Word of Mouth,0.51
Veggie Juice Stand,Islamabad,Veggie Juice Stand,40450,57,145,Word of Mouth,0.63
Small Tuition Center,Multan,Small Tuition Center,49327,11,66,Flyers,0.18
Shawarma Stand,Multan,Shawarma Stand,8529,53,67,Flyers,0.75
Tea & Snacks Stall,Karachi,Tea & Snacks Stall,21669,100,164,Social Media,0.7
Laundry Shop,Peshawar,Laundry Shop,11790,15,66,Word of Mouth,0.73
Laundry Shop,Peshawar,Laundry Shop,36779,74,140,Social Media,0.64
Pakora Stall,Lahore,Pakora Stall,42517,51,119,Local Advertising,0.21
Samosa Stall,Multan,Samosa Stall,14226,87,138,Flyers,0.6
Coffee Cart,Islamabad,Coffee Cart,16681,82,100,Word of Mouth,0.46
Mini Grocery,Multan,Mini Grocery,39697,65,144,Flyers,0.58
Local Snacks Delivery,Peshawar,Local Snacks Delivery,26490,80,119,Local Advertising,0.31
Pakora Stall,Islamabad,Pakora Stall,12616,65,121,Flyers,0.28
Online Tutoring,Faisalabad,Online Tutoring,33106,36,100,Word of Mouth,0.65
Samosa Stall,Islamabad,Samosa Stall,29393,15,37,Local Advertising,0.72
Candle Stall,Islamabad,Candle Stall,40251,90,124,Local Advertising,0.65
Mobile Accessories,Lahore,Mobile Accessories,24118,89,100,Social Media,0.58
Mobile Repair Shop,Islamabad,Mobile Repair Shop,8752,53,137,Flyers,0.35
Ice Cream Cart,Multan,Ice Cream Cart,27774,73,123,Local Advertising,0.53
Tea & Snacks Stall,Multan,Tea & Snacks Stall,21114,17,94,Word of Mouth,0.56
Fitness Trainer,Multan,Fitness Trainer,40900,13,57,Social Media,0.61
Fresh Milk Seller,Faisalabad,Fresh Milk Seller,34202,58,151,Social Media,0.63
Fresh Milk Seller,Islamabad,Fresh Milk Seller,11427,38,88,Word of Mouth,0.46
Stationery Shop,Faisalabad,Stationery Shop,11930,66,164,Word of Mouth,0.14
Online Tutoring,Karachi,Online Tutoring,49218,44,131,Social Media,0.31
Stationery Kiosk,Islamabad,Stationery Kiosk,17854,43,137,Social Media,0.64
Small Tuition Center,Karachi,Small Tuition Center,17845,14,74,Flyers,0.28
Tea & Snacks Stall,Peshawar,Tea & Snacks Stall,29187,100,119,Flyers,0.57
Repair Electronics,Islamabad,Repair Electronics,14168,7,72,Local Advertising,0.33
Small Tuition Center,Multan,Small Tuition Center,22548,43,58,Social Media,0.32
Candle Stall,Peshawar,Candle Stall,14718,81,133,Word of Mouth,0.28
Online Tutoring,Faisalabad,Online Tutoring,23594,68,112,Word of Mouth,0.31
Stationery Kiosk,Lahore,Stationery Kiosk,15514,6,58,Word of Mouth,0.52
Shawarma Stand,Islamabad,Shawarma Stand,17145,68,124,Word of Mouth,0.56
Handmade Jewelry,Peshawar,Handmade Jewelry,13675,14,102,Flyers,0.64
Mobile Repair Shop,Lahore,Mobile Repair Shop,37654,48,126,Local Advertising,0.41
Handmade Jewelry,Islamabad,Handmade Jewelry,39447,15,115,Flyers,0.76
Ice Cream Cart,Faisalabad,Ice Cream Cart,14873,48,134,Flyers,0.54
Coffee Cart,Faisalabad,Coffee Cart,31540,97,160,Flyers,0.44
Ice Cream Cart,Karachi,Ice Cream Cart,22756,24,35,Flyers,0.22
Stationery Shop,Islamabad,Stationery Shop,42579,30,116,Flyers,0.64
Coffee Cart,Peshawar,Coffee Cart,33546,68,168,Social Media,0.69
Stationery Kiosk,Peshawar,Stationery Kiosk,46145,57,126,Local Advertising,0.28
Tea & Snacks Stall,Islamabad,Tea & Snacks Stall,37982,45,139,Word of Mouth,0.49
Pakora Stall,Peshawar,Pakora Stall,34472,82,166,Word of Mouth,0.18
Samosa Stall,Lahore,Samosa Stall,17769,26,113,Local Advertising,0.31
Fruit Smoothie Stall,Faisalabad,Fruit Smoothie Stall,36833,60,74,Word of Mouth,0.39
Local Snacks Delivery,Islamabad,Local Snacks Delivery,34036,33,79,Flyers,0.55
Bakery Stall,Faisalabad,Bakery Stall,18462,10,56,Local Advertising,0.63
Dahi Bhallay Stall,Multan,Dahi Bhallay Stall,48993,89,128,Local Advertising,0.45
Bakery Stall,Peshawar,Bakery Stall,13781,46,136,Social Media,0.43
Stationery Kiosk,Faisalabad,Stationery Kiosk,38901,10,69,Social Media,0.68
Veggie Juice Stand,Islamabad,Veggie Juice Stand,33588,91,191,Social Media,0.53
Mobile Repair Shop,Karachi,Mobile Repair Shop,8860,16,100,Word of Mouth,0.57
Candle Stall,Islamabad,Candle Stall,46205,84,114,Flyers,0.72
Samosa Stall,Islamabad,Samosa Stall,41120,15,55,Local Advertising,0.28
Juice Bar,Peshawar,Juice Bar,16106,27,51,Word of Mouth,0.55
Veggie Juice Stand,Lahore,Veggie Juice Stand,17464,60,86,Social Media,0.71
Stationery Kiosk,Peshawar,Stationery Kiosk,31765,87,174,Local Advertising,0.3
Candle Stall,Lahore,Candle Stall,32716,92,184,Flyers,0.69
Fresh Milk Seller,Karachi,Fresh Milk Seller,22609,76,102,Local Advertising,0.15
Local Snacks Delivery,Islamabad,Local Snacks Delivery,10084,53,65,Local Advertising,0.52
Mobile Repair Shop,Islamabad,Mobile Repair Shop,25964,57,72,Flyers,0.11
Street Photography,Islamabad,Street Photography,15190,63,114,Flyers,0.25
Fresh Milk Seller,Multan,Fresh Milk Seller,33480,39,70,Local Advertising,0.24
Fruit Stall,Islamabad,Fruit Stall,46601,77,135,Social Media,0.29
Street Photography,Faisalabad,Street Photography,26559,36,92,Social Media,0.5
Shawarma Stand,Peshawar,Shawarma Stand,46292,72,109,Word of Mouth,0.49
Candle Stall,Peshawar,Candle Stall,16887,89,131,Social Media,0.44
Ice Cream Cart,Lahore,Ice Cream Cart,27698,94,123,Local Advertising,0.66
Fruit Stall,Faisalabad,Fruit Stall,38633,41,92,Flyers,0.71
Bakery Stall,Islamabad,Bakery Stall,28278,58,120,Social Media,0.12
Street Clothing Vendor,Multan,Street Clothing Vendor,5182,87,129,Flyers,0.73
Dahi Bhallay Stall,Faisalabad,Dahi Bhallay Stall,6548,16,50,Local Advertising,0.13
Fruit Stall,Karachi,Fruit Stall,49851,78,117,Flyers,0.7
Laundry Shop,Peshawar,Laundry Shop,31508,76,106,Word of Mouth,0.43
Laundry Shop,Faisalabad,Laundry Shop,20562,71,171,Local Advertising,0.14
Ice Cream Cart,Lahore,Ice Cream Cart,33334,95,120,Word of Mouth,0.56
Stationery Kiosk,Peshawar,Stationery Kiosk,17278,48,120,Word of Mouth,0.46
Fresh Milk Seller,Peshawar,Fresh Milk Seller,17672,12,94,Word of Mouth,0.17
Shawarma Stand,Multan,Shawarma Stand,28771,10,34,Social Media,0.25
Shawarma Stand,Peshawar,Shawarma Stand,12931,83,148,Flyers,0.25
Street Clothing Vendor,Peshawar,Street Clothing Vendor,23270,42,86,Flyers,0.42
Local Snacks Delivery,Karachi,Local Snacks Delivery,22664,96,189,Local Advertising,0.31
Repair Electronics,Karachi,Repair Electronics,16262,5,50,Word of Mouth,0.3
Coffee Cart,Peshawar,Coffee Cart,29758,24,79,Flyers,0.3
Coffee Cart,Karachi,Coffee Cart,17512,51,77,Local Advertising,0.8
Chai Stall,Faisalabad,Chai Stall,15126,30,70,Local Advertising,0.4
Handmade Jewelry,Multan,Handmade Jewelry,48786,63,114,Word of Mouth,0.79
Handmade Jewelry,Islamabad,Handmade Jewelry,34008,34,100,Flyers,0.12
Street Clothing Vendor,Faisalabad,Street Clothing Vendor,30608,83,142,Local Advertising,0.55
Street Clothing Vendor,Karachi,Street Clothing Vendor,41756,70,126,Local Advertising,0.32
Fruit Smoothie Stall,Peshawar,Fruit Smoothie Stall,44001,31,130,Local Advertising,0.8
Fruit Stall,Karachi,Fruit Stall,26946,66,157,Word of Mouth,0.74
Mobile Repair Shop,Karachi,Mobile Repair Shop,32375,96,117,Word of Mouth,0.39
Tea & Snacks Stall,Faisalabad,Tea & Snacks Stall,17803,74,113,Flyers,0.34
Veggie Juice Stand,Faisalabad,Veggie Juice Stand,44462,72,126,Word of Mouth,0.37
Local Snacks Delivery,Faisalabad,Local Snacks Delivery,23175,91,171,Flyers,0.77
Flower Stall,Faisalabad,Flower Stall,37467,51,109,Local Advertising,0.51
Local Snacks Delivery,Peshawar,Local Snacks Delivery,10147,56,138,Social Media,0.57
Street Clothing Vendor,Faisalabad,Street Clothing Vendor,13251,85,180,Local Advertising,0.17
Online Tutoring,Peshawar,Online Tutoring,8380,43,53,Local Advertising,0.21
Local Snacks Delivery,Lahore,Local Snacks Delivery,30324,18,45,Word of Mouth,0.37
Veggie Juice Stand,Faisalabad,Veggie Juice Stand,6973,62,145,Word of Mouth,0.8
Samosa Stall,Peshawar,Samosa Stall,48066,26,87,Word of Mouth,0.53
Small Tuition Center,Islamabad,Small Tuition Center,48293,53,70,Local Advertising,0.4
Fruit Stall,Karachi,Fruit Stall,43316,9,23,Flyers,0.19
Handmade Jewelry,Karachi,Handmade Jewelry,6248,16,55,Flyers,0.53
Mobile Accessories,Islamabad,Mobile Accessories,46180,39,92,Word of Mouth,0.25
Street Clothing Vendor,Multan,Street Clothing Vendor,27682,88,160,Local Advertising,0.58
Juice Bar,Karachi,Juice Bar,42869,10,92,Flyers,0.66
Dahi Bhallay Stall,Faisalabad,Dahi Bhallay Stall,46335,92,116,Social Media,0.7
Laundry Shop,Peshawar,Laundry Shop,15438,94,139,Social Media,0.72
Street Photography,Karachi,Street Photography,30592,72,128,Flyers,0.64
Candle Stall,Faisalabad,Candle Stall,31079,78,168,Flyers,0.67
Samosa Stall,Lahore,Samosa Stall,44035,41,128,Social Media,0.74
Samosa Stall,Lahore,Samosa Stall,37503,27,64,Flyers,0.49
Laundry Shop,Lahore,Laundry Shop,40658,83,143,Word of Mouth,0.59
Online Tutoring,Peshawar,Online Tutoring,35622,100,183,Flyers,0.63
Fresh Milk Seller,Faisalabad,Fresh Milk Seller,11393,18,98,Local Advertising,0.61
Fresh Milk Seller,Faisalabad,Fresh Milk Seller,30558,52,64,Local Advertising,0.75
Ice Cream Cart,Islamabad,Ice Cream Cart,7851,46,107,Flyers,0.28
Fresh Milk Seller,Faisalabad,Fresh Milk Seller,41451,31,51,Local Advertising,0.66
Pakora Stall,Peshawar,Pakora Stall,16957,15,78,Social Media,0.56
Juice Bar,Lahore,Juice Bar,35190,22,106,Flyers,0.78
Veggie Juice Stand,Faisalabad,Veggie Juice Stand,18160,32,47,Local Advertising,0.43
Coffee Cart,Faisalabad,Coffee Cart,12187,70,117,Local Advertising,0.29
Dahi Bhallay Stall,Faisalabad,Dahi Bhallay Stall,29348,5,89,Flyers,0.47
Tea & Snacks Stall,Faisalabad,Tea & Snacks Stall,40987,88,100,Social Media,0.75
Street Photography,Faisalabad,Street Photography,15536,82,168,Flyers,0.59
Veggie Juice Stand,Multan,Veggie Juice Stand,20315,79,149,Local Advertising,0.62
Coffee Cart,Lahore,Coffee Cart,45294,96,134,Social Media,0.71
Bakery Stall,Lahore,Bakery Stall,33364,71,129,Social Media,0.6
Candle Stall,Multan,Candle Stall,33318,30,120,Social Media,0.42
Fruit Stall,Karachi,Fruit Stall,13454,76,164,Local Advertising,0.58
Fitness Trainer,Multan,Fitness Trainer,47157,8,52,Social Media,0.63
Flower Stall,Lahore,Flower Stall,35437,51,99,Word of Mouth,0.72
Pakora Stall,Multan,Pakora Stall,44875,26,91,Flyers,0.15
Handmade Jewelry,Islamabad,Handmade Jewelry,35052,94,188,Local Advertising,0.36
Chai Stall,Karachi,Chai Stall,38749,21,86,Word of Mouth,0.41
Juice Bar,Peshawar,Juice Bar,20750,41,60,Local Advertising,0.12
Stationery Kiosk,Islamabad,Stationery Kiosk,27719,42,92,Social Media,0.21
Online Tutoring,Multan,Online Tutoring,31853,26,118,Local Advertising,0.34
Stationery Shop,Karachi,Stationery Shop,17425,60,96,Local Advertising,0.51
Coffee Cart,Lahore,Coffee Cart,24394,19,114,Local Advertising,0.3
Flower Stall,Karachi,Flower Stall,20297,83,143,Flyers,0.39
Handmade Jewelry,Karachi,Handmade Jewelry,27253,86,114,Word of Mouth,0.36
Mobile Repair Shop,Faisalabad,Mobile Repair Shop,32901,69,107,Flyers,0.68
Stationery Shop,Karachi,Stationery Shop,39332,25,83,Flyers,0.55
Fitness Trainer,Lahore,Fitness Trainer,10875,70,127,Social Media,0.6
Flower Stall,Peshawar,Flower Stall,30199,32,59,Social Media,0.64
Mobile Repair Shop,Lahore,Mobile Repair Shop,16179,63,152,Word of Mouth,0.27
Local Snacks Delivery,Karachi,Local Snacks Delivery,22849,94,131,Flyers,0.69
Mini Grocery,Peshawar,Mini Grocery,29839,20,76,Word of Mouth,0.42
Candle Stall,Multan,Candle Stall,12978,24,109,Flyers,0.24
Repair Electronics,Islamabad,Repair Electronics,25968,30,104,Local Advertising,0.18
Stationery Shop,Peshawar,Stationery Shop,8721,97,148,Flyers,0.68
Online Tutoring,Lahore,Online Tutoring,17161,100,194,Flyers,0.59
Shawarma Stand,Islamabad,Shawarma Stand,19739,23,48,Flyers,0.52
Veggie Juice Stand,Faisalabad,Veggie Juice Stand,47078,26,82,Social Media,0.55
Ice Cream Cart,Multan,Ice Cream Cart,39815,41,107,Local Advertising,0.63
Local Snacks Delivery,Islamabad,Local Snacks Delivery,33584,95,126,Social Media,0.21
Fresh Milk Seller,Multan,Fresh Milk Seller,20085,71,105,Social Media,0.51
Dahi Bhallay Stall,Multan,Dahi Bhallay Stall,13439,14,41,Local Advertising,0.52
Pakora Stall,Karachi,Pakora Stall,34298,58,142,Local Advertising,0.49
Handmade Jewelry,Peshawar,Handmade Jewelry,10866,88,155,Word of Mouth,0.65
Samosa Stall,Islamabad,Samosa Stall,29445,23,83,Local Advertising,0.63
Handmade Jewelry,Lahore,Handmade Jewelry,33641,78,101,Local Advertising,0.43
Small Tuition Center,Lahore,Small Tuition Center,13155,33,121,Word of Mouth,0.68
Dahi Bhallay Stall,Islamabad,Dahi Bhallay Stall,34951,85,156,Local Advertising,0.76
Mini Grocery,Karachi,Mini Grocery,34643,14,79,Word of Mouth,0.47
Flower Stall,Peshawar,Flower Stall,35690,81,107,Social Media,0.6
Fruit Stall,Islamabad,Fruit Stall,5785,43,80,Word of Mouth,0.51
Handmade Jewelry,Islamabad,Handmade Jewelry,33579,87,184,Flyers,0.42
Repair Electronics,Multan,Repair Electronics,42665,37,121,Local Advertising,0.13
Handmade Jewelry,Islamabad,Handmade Jewelry,45820,25,112,Local Advertising,0.65
Online Tutoring,Faisalabad,Online Tutoring,7531,46,58,Local Advertising,0.52
Stationery Kiosk,Karachi,Stationery Kiosk,21604,5,25,Social Media,0.55
Chai Stall,Karachi,Chai Stall,8449,29,119,Social Media,0.35
Dahi Bhallay Stall,Islamabad,Dahi Bhallay Stall,44903,9,101,Word of Mouth,0.23
Local Snacks Delivery,Multan,Local Snacks Delivery,45151,98,166,Social Media,0.45
Chai Stall,Lahore,Chai Stall,23091,88,129,Local Advertising,0.35
Handmade Jewelry,Islamabad,Handmade Jewelry,38816,91,113,Social Media,0.52
Chai Stall,Multan,Chai Stall,34537,85,106,Local Advertising,0.63
Chai Stall,Lahore,Chai Stall,31424,73,93,Flyers,0.66
Handmade Jewelry,Lahore,Handmade Jewelry,23508,80,126,Social Media,0.26
Shawarma Stand,Multan,Shawarma Stand,11305,30,97,Local Advertising,0.39
Dahi Bhallay Stall,Multan,Dahi Bhallay Stall,49638,64,133,Social Media,0.19
Coffee Cart,Karachi,Coffee Cart,46443,24,80,Social Media,0.76
Stationery Kiosk,Lahore,Stationery Kiosk,10659,28,67,Local Advertising,0.1
Veggie Juice Stand,Peshawar,Veggie Juice Stand,33531,98,181,Flyers,0.3
Online Tutoring,Islamabad,Online Tutoring,15843,93,107,Flyers,0.23
Laundry Shop,Multan,Laundry Shop,26046,51,117,Word of Mouth,0.21
Ice Cream Cart,Peshawar,Ice Cream Cart,49070,8,34,Flyers,0.4
Candle Stall,Islamabad,Candle Stall,24967,60,150,Social Media,0.13
Samosa Stall,Peshawar,Samosa Stall,16958,27,113,Flyers,0.13
Handmade Jewelry,Islamabad,Handmade Jewelry,16870,43,69,Word of Mouth,0.65
Fruit Smoothie Stall,Multan,Fruit Smoothie Stall,37855,40,90,Social Media,0.52
Local Snacks Delivery,Multan,Local Snacks Delivery,27379,26,51,Social Media,0.65
Ice Cream Cart,Karachi,Ice Cream Cart,37589,86,167,Social Media,0.37
Fitness Trainer,Lahore,Fitness Trainer,41051,82,109,Word of Mouth,0.69
Chai Stall,Multan,Chai Stall,14919,81,142,Local Advertising,0.79
Handmade Jewelry,Lahore,Handmade Jewelry,22648,87,168,Local Advertising,0.57
Bakery Stall,Lahore,Bakery Stall,32538,99,149,Flyers,0.35
Chai Stall,Karachi,Chai Stall,28188,14,110,Flyers,0.65
Fruit Smoothie Stall,Islamabad,Fruit Smoothie Stall,18851,81,104,Flyers,0.44
Repair Electronics,Multan,Repair Electronics,21143,59,90,Local Advertising,0.17
Street Clothing Vendor,Karachi,Street Clothing Vendor,13894,68,90,Word of Mouth,0.15
Fresh Milk Seller,Multan,Fresh Milk Seller,6494,90,110,Local Advertising,0.41
Flower Stall,Lahore,Flower Stall,20809,29,52,Word of Mouth,0.32
Candle Stall,Islamabad,Candle Stall,28355,45,112,Flyers,0.28
Chai Stall,Lahore,Chai Stall,19687,21,120,Flyers,0.35
Tea & Snacks Stall,Islamabad,Tea & Snacks Stall,18039,46,134,Flyers,0.66
Stationery Kiosk,Faisalabad,Stationery Kiosk,19353,70,113,Local Advertising,0.61
Local Snacks Delivery,Islamabad,Local Snacks Delivery,41739,15,77,Word of Mouth,0.47
Fruit Smoothie Stall,Faisalabad,Fruit Smoothie Stall,28514,31,52,Flyers,0.25
Veggie Juice Stand,Peshawar,Veggie Juice Stand,8214,74,108,Local Advertising,0.74
Mini Grocery,Multan,Mini Grocery,48473,80,126,Social Media,0.7
Stationery Kiosk,Karachi,Stationery Kiosk,30491,64,140,Word of Mouth,0.29
Dahi Bhallay Stall,Lahore,Dahi Bhallay Stall,25353,67,165,Local Advertising,0.19
Mobile Accessories,Peshawar,Mobile Accessories,14710,95,164,Flyers,0.68
Mobile Repair Shop,Karachi,Mobile Repair Shop,8434,89,107,Flyers,0.62
Pakora Stall,Multan,Pakora Stall,26372,83,110,Social Media,0.64
Online Tutoring,Lahore,Online Tutoring,38561,12,70,Word of Mouth,0.42
Dahi Bhallay Stall,Peshawar,Dahi Bhallay Stall,24488,20,31,Flyers,0.24
Fitness Trainer,Islamabad,Fitness Trainer,46280,89,125,Social Media,0.18
Repair Electronics,Multan,Repair Electronics,35429,90,102,Local Advertising,0.55
Shawarma Stand,Multan,Shawarma Stand,33875,75,93,Word of Mouth,0.66
Coffee Cart,Peshawar,Coffee Cart,47279,30,48,Social Media,0.58
Tea & Snacks Stall,Multan,Tea & Snacks Stall,20305,11,43,Social Media,0.55
Ice Cream Cart,Faisalabad,Ice Cream Cart,12450,70,88,Local Advertising,0.17
Bakery Stall,Lahore,Bakery Stall,43814,70,94,Word of Mouth,0.17
Mini Grocery,Islamabad,Mini Grocery,39687,55,121,Social Media,0.15
Handmade Jewelry,Peshawar,Handmade Jewelry,43012,30,81,Social Media,0.31
Fruit Smoothie Stall,Islamabad,Fruit Smoothie Stall,8002,6,95,Flyers,0.42
Stationery Shop,Karachi,Stationery Shop,9220,96,174,Local Advertising,0.76
Coffee Cart,Multan,Coffee Cart,45948,97,137,Word of Mouth,0.47
Fresh Milk Seller,Karachi,Fresh Milk Seller,12098,57,78,Word of Mouth,0.66
Ice Cream Cart,Peshawar,Ice Cream Cart,31722,11,97,Local Advertising,0.33
Coffee Cart,Peshawar,Coffee Cart,26968,63,151,Word of Mouth,0.36
Tea & Snacks Stall,Faisalabad,Tea & Snacks Stall,23752,50,96,Social Media,0.37
Local Snacks Delivery,Lahore,Local Snacks Delivery,25734,8,58,Word of Mouth,0.2
Coffee Cart,Peshawar,Coffee Cart,18675,72,137,Flyers,0.24
Laundry Shop,Islamabad,Laundry Shop,11897,5,90,Social Media,0.24
Laundry Shop,Multan,Laundry Shop,24901,100,172,Flyers,0.65
Veggie Juice Stand,Faisalabad,Veggie Juice Stand,28334,90,163,Flyers,0.71
Fruit Stall,Multan,Fruit Stall,49073,81,176,Flyers,0.65
Shawarma Stand,Lahore,Shawarma Stand,48774,39,105,Flyers,0.2
Mini Grocery,Faisalabad,Mini Grocery,36172,51,112,Flyers,0.14
Mini Grocery,Karachi,Mini Grocery,29008,59,69,Social Media,0.48
Handmade Jewelry,Multan,Handmade Jewelry,12493,17,61,Word of Mouth,0.19
Fruit Stall,Islamabad,Fruit Stall,32159,13,101,Social Media,0.23
Local Snacks Delivery,Faisalabad,Local Snacks Delivery,23146,67,118,Word of Mouth,0.67
Mini Grocery,Karachi,Mini Grocery,48735,95,177,Social Media,0.12
Mini Grocery,Faisalabad,Mini Grocery,46042,35,83,Word of Mouth,0.27
Stationery Kiosk,Karachi,Stationery Kiosk,47396,8,52,Word of Mouth,0.37
